id,statement,value,unit,kind,source_id,locator,verification_method
C001,SHA256 исходного архива набора данных,"""8dd3cba59201bae333c11db89c5111198fa10cc52a70c70bdc57bd6a248fb777""",SHA256,measurement,E002,"{""type"": ""json_pointer"", ""pointer"": ""/archive/sha256""}",Read the exact JSON pointer in the checksum-verified source copy
C002,Число строк train,497673,строк,measurement,E002,"{""type"": ""json_pointer"", ""pointer"": ""/files/train.parquet/rows""}",Read the exact JSON pointer in the checksum-verified source copy
C003,Число benchmark-запросов,2452,запросов,measurement,E002,"{""type"": ""json_pointer"", ""pointer"": ""/files/benchmark_queries.parquet/rows""}",Read the exact JSON pointer in the checksum-verified source copy
C004,Число объявлений benchmark,189212,объявлений,measurement,E002,"{""type"": ""json_pointer"", ""pointer"": ""/files/benchmark_items.parquet/rows""}",Read the exact JSON pointer in the checksum-verified source copy
C005,Число уникальных объявлений в train,344825,объявлений,measurement,E003,"{""type"": ""json_pointer"", ""pointer"": ""/unique_train_items""}",Read the exact JSON pointer in the checksum-verified source copy
C006,"Число текстов train после lower, замены ё на е и свёртки пробелов",73873,текстов,measurement,E003,"{""type"": ""json_pointer"", ""pointer"": ""/unique_train_texts""}",Read the exact JSON pointer in the checksum-verified source copy
C007,Доля benchmark-запросов со знакомым текстом,0.3735725938009788,доля,measurement,E003,"{""type"": ""json_pointer"", ""pointer"": ""/benchmark_seen_text_fraction""}",Read the exact JSON pointer in the checksum-verified source copy
C008,Доля знакомых полных контекстов benchmark,0.04404567699836868,доля,measurement,E003,"{""type"": ""json_pointer"", ""pointer"": ""/benchmark_seen_context_fraction""}",Read the exact JSON pointer in the checksum-verified source copy
C009,"Доля объявлений benchmark, встречавшихся в train",0.09588186795763483,доля корпуса,measurement,E003,"{""type"": ""json_pointer"", ""pointer"": ""/corpus_items_seen_in_train""}",Read the exact JSON pointer in the checksum-verified source copy
C010,Доля train-пар с совпадающей локацией,0.8310195650557696,доля пар,measurement,E003,"{""type"": ""json_pointer"", ""pointer"": ""/train_search_item_same_location""}",Read the exact JSON pointer in the checksum-verified source copy
C011,Доля benchmark-запросов с объявлением той же локации в корпусе,0.825856,доля запросов,measurement,E004,"{""type"": ""json_pointer"", ""pointer"": ""/benchmark_query_fraction_with_exact_corpus_location""}",Read the exact JSON pointer in the checksum-verified source copy
C012,Число пар с распознанным видом услуги,320264,пар,measurement,E004,"{""type"": ""json_pointer"", ""pointer"": ""/parsed_known_service_filter_pairs""}",Read the exact JSON pointer in the checksum-verified source copy
C013,Доля совпадений распознанного вида услуги,0.983642,доля пар,measurement,E004,"{""type"": ""json_pointer"", ""pointer"": ""/parsed_service_pair_match_fraction""}",Read the exact JSON pointer in the checksum-verified source copy
C014,Число train-строк с категорией поиска 0,34,строк,measurement,E005,"{""type"": ""json_pointer"", ""pointer"": ""/train_search_category_zero_rows""}",Read the exact JSON pointer in the checksum-verified source copy
C015,Число benchmark-запросов с категорией поиска 0,222,запросов,measurement,E005,"{""type"": ""json_pointer"", ""pointer"": ""/benchmark_search_category_zero_rows""}",Read the exact JSON pointer in the checksum-verified source copy
C016,Seed локального разделения,20260928,целое число,design_choice,E006,"{""type"": ""json_pointer"", ""pointer"": ""/seed""}",Read the exact JSON pointer in the checksum-verified source copy
C017,Общее число отложенных контекстов,6000,запросов,measurement,E006,"{""type"": ""json_pointer"", ""pointer"": ""/queries""}",Read the exact JSON pointer in the checksum-verified source copy
C018,Число положительных отложенных пар,6432,пар,measurement,E006,"{""type"": ""json_pointer"", ""pointer"": ""/truth_pairs""}",Read the exact JSON pointer in the checksum-verified source copy
C019,Число запросов fit,3000,запросов,measurement,E006,"{""type"": ""json_pointer"", ""pointer"": ""/split_counts/fit""}",Read the exact JSON pointer in the checksum-verified source copy
C020,Число запросов dev,1500,запросов,measurement,E006,"{""type"": ""json_pointer"", ""pointer"": ""/split_counts/dev""}",Read the exact JSON pointer in the checksum-verified source copy
C021,Число запросов audit,1500,запросов,measurement,E006,"{""type"": ""json_pointer"", ""pointer"": ""/split_counts/audit""}",Read the exact JSON pointer in the checksum-verified source copy
C022,Размер полного корпуса локальной проверки,195125,объявлений,measurement,E006,"{""type"": ""json_pointer"", ""pointer"": ""/validation_corpus_size""}",Read the exact JSON pointer in the checksum-verified source copy
C023,Число добавленных отложенных объявлений,5913,объявлений,measurement,E006,"{""type"": ""json_pointer"", ""pointer"": ""/extra_validation_items""}",Read the exact JSON pointer in the checksum-verified source copy
C024,Фактическая доля знакомых целевых объявлений после удаления истории,0.03435945273631841,доля целей,measurement,E006,"{""type"": ""json_pointer"", ""pointer"": ""/seen_target_item_fraction""}",Read the exact JSON pointer in the checksum-verified source copy
C025,Повторное построение дало те же четыре Parquet-файла по хешам,true,логическое значение,verification,E007,"{""type"": ""json_pointer"", ""pointer"": ""/all_files_match""}",Read the exact JSON pointer in the checksum-verified source copy
C026,Recall@50 лексической эвристики на dev,0.8588333333333333,доля,measurement,E008,"{""type"": ""json_pointer"", ""pointer"": ""/recall@50""}",Read the exact JSON pointer in the checksum-verified source copy
C027,Полнота объединения лексических кандидатов на dev,0.9667777777777776,доля,measurement,E008,"{""type"": ""json_pointer"", ""pointer"": ""/recall@union""}",Read the exact JSON pointer in the checksum-verified source copy
C028,Recall@50 лексического Logloss на dev,0.929888888888889,доля,measurement,E009,"{""type"": ""json_pointer"", ""pointer"": ""/recall@50""}",Read the exact JSON pointer in the checksum-verified source copy
C029,Recall@50 лексического QuerySoftMax на dev,0.925388888888889,доля,measurement,E010,"{""type"": ""json_pointer"", ""pointer"": ""/results/ranker_lexical_softmax/recall@50""}",Read the exact JSON pointer in the checksum-verified source copy
C030,Recall@50 гибридной эвристики на dev,0.8781111111111111,доля,measurement,E011,"{""type"": ""json_pointer"", ""pointer"": ""/recall@50""}",Read the exact JSON pointer in the checksum-verified source copy
C031,Полнота объединения гибридных кандидатов на dev,0.9893333333333333,доля,measurement,E011,"{""type"": ""json_pointer"", ""pointer"": ""/recall@union""}",Read the exact JSON pointer in the checksum-verified source copy
C032,Recall@50 гибридной модели глубины 6 на dev,0.942611111111111,доля,measurement,E012,"{""type"": ""json_pointer"", ""pointer"": ""/results/ranker_hybrid_d6/recall@50""}",Read the exact JSON pointer in the checksum-verified source copy
C033,Recall@50 гибридной модели глубины 7 на dev,0.9406111111111112,доля,measurement,E012,"{""type"": ""json_pointer"", ""pointer"": ""/results/ranker_hybrid_d7/recall@50""}",Read the exact JSON pointer in the checksum-verified source copy
C034,Recall@50 модели без прямых счётчиков истории на dev,0.9391666666666667,доля,measurement,E013,"{""type"": ""json_pointer"", ""pointer"": ""/results/ranker_hybrid_no_history/recall@50""}",Read the exact JSON pointer in the checksum-verified source copy
C035,Recall@50 выбранной равной смеси на dev,0.9429444444444444,доля,measurement,E013,"{""type"": ""json_pointer"", ""pointer"": ""/results/blend_0.5_0.5/recall@50""}",Read the exact JSON pointer in the checksum-verified source copy
C036,Recall@50 выбранной смеси с поправкой на долю пустых фильтров на dev,0.9371367695172583,доля,measurement,E013,"{""type"": ""json_pointer"", ""pointer"": ""/results/blend_0.5_0.5/poststratified_recall@50""}",Read the exact JSON pointer in the checksum-verified source copy
C037,"Время фиксации решения, записанное в протоколе выбора","""2026-09-28T03:01:24.152451+00:00""",UTC,reported_statement,E014,"{""type"": ""json_pointer"", ""pointer"": ""/frozen_at_utc""}",Read the exact JSON pointer in the checksum-verified source copy
C038,"Флаг просмотра audit, записанный при выборе",false,логическое значение,reported_statement,E014,"{""type"": ""json_pointer"", ""pointer"": ""/audit_quality_seen""}",Read the exact JSON pointer in the checksum-verified source copy
C039,Разность dev Recall@50 между смесью и моделью глубины 6,0.0003333333333333333,доля,measurement,E014,"{""type"": ""json_pointer"", ""pointer"": ""/delta_vs_d6/recall@50/delta""}",Read the exact JSON pointer in the checksum-verified source copy
C040,Парный bootstrap-интервал разности dev Recall@50,"[-0.004333333333333333, 0.005]",95% интервал в долях,measurement,E014,"{""type"": ""json_pointer"", ""pointer"": ""/delta_vs_d6/recall@50/ci95""}",Read the exact JSON pointer in the checksum-verified source copy
C041,Число запросов финального обучения fit и dev,4500,запросов,design_choice,E014,"{""type"": ""json_pointer"", ""pointer"": ""/final_training_queries""}",Read the exact JSON pointer in the checksum-verified source copy
C042,Recall@50 выбранной смеси на независимом локальном audit,0.941111111111111,доля,measurement,E015,"{""type"": ""json_pointer"", ""pointer"": ""/results/blend_0.5_0.5/recall@50""}",Read the exact JSON pointer in the checksum-verified source copy
C043,Recall@50 смеси на audit с поправкой на пустые фильтры,0.9431778112629854,доля,measurement,E015,"{""type"": ""json_pointer"", ""pointer"": ""/results/blend_0.5_0.5/poststratified_recall@50""}",Read the exact JSON pointer in the checksum-verified source copy
C044,Полнота объединённого набора на audit,0.9886666666666667,доля,measurement,E015,"{""type"": ""json_pointer"", ""pointer"": ""/results/blend_0.5_0.5/recall@union""}",Read the exact JSON pointer in the checksum-verified source copy
C045,Recall@50 финальной модели с историей на audit,0.9397777777777777,доля,measurement,E015,"{""type"": ""json_pointer"", ""pointer"": ""/results/final_d6/recall@50""}",Read the exact JSON pointer in the checksum-verified source copy
C046,Recall@50 финальной модели без прямых счётчиков истории на audit,0.9464166666666667,доля,measurement,E015,"{""type"": ""json_pointer"", ""pointer"": ""/results/final_no_history/recall@50""}",Read the exact JSON pointer in the checksum-verified source copy
C047,Bootstrap-интервал audit Recall@50 выбранной смеси,"[0.9291083333333332, 0.9524444444444443]",95% интервал в долях,measurement,E016,"{""type"": ""json_pointer"", ""pointer"": ""/audit_recall50_ci95/blend_0.5_0.5""}",Read the exact JSON pointer in the checksum-verified source copy
C048,Число bootstrap-выборок для итоговых интервалов,5000,выборок,design_choice,E016,"{""type"": ""json_pointer"", ""pointer"": ""/bootstrap_samples""}",Read the exact JSON pointer in the checksum-verified source copy
C049,Флаг изменения выбора после audit в итоговом отчёте,false,логическое значение,reported_statement,E016,"{""type"": ""json_pointer"", ""pointer"": ""/selection_changed_after_audit""}",Read the exact JSON pointer in the checksum-verified source copy
C050,Скрытый результат платформы не измерен,null,неизвестно,reported_statement,E016,"{""type"": ""json_pointer"", ""pointer"": ""/hidden_benchmark_score""}",Read the exact JSON pointer in the checksum-verified source copy
C051,Число использованных попыток по итоговому отчёту,0,попыток,reported_statement,E016,"{""type"": ""json_pointer"", ""pointer"": ""/submission_attempts_used""}",Read the exact JSON pointer in the checksum-verified source copy
C052,Число строк основного ответа,2452,строк,measurement,E016,"{""type"": ""json_pointer"", ""pointer"": ""/answers/answer.csv/rows""}",Read the exact JSON pointer in the checksum-verified source copy
C053,Минимальное число кандидатов в строке основного ответа,50,объявлений,measurement,E016,"{""type"": ""json_pointer"", ""pointer"": ""/answers/answer.csv/min_items""}",Read the exact JSON pointer in the checksum-verified source copy
C054,Максимальное число кандидатов в строке основного ответа,50,объявлений,measurement,E016,"{""type"": ""json_pointer"", ""pointer"": ""/answers/answer.csv/max_items""}",Read the exact JSON pointer in the checksum-verified source copy
C055,SHA256 основного CSV,"""3ebda47a966aa2920fe9480cb3b4b1602ec91b63f207d89775d981d16995e3c6""",SHA256,verification,E016,"{""type"": ""json_pointer"", ""pointer"": ""/answers/answer.csv/sha256""}",Read the exact JSON pointer in the checksum-verified source copy
C056,Версия Python выполненных экспериментов,"""3.12.7""",версия,measurement,E017,"{""type"": ""json_pointer"", ""pointer"": ""/python""}",Read the exact JSON pointer in the checksum-verified source copy
C057,Устройство расчёта сохранённых эмбеддингов,"""mps""",устройство,measurement,E017,"{""type"": ""json_pointer"", ""pointer"": ""/embedding_device""}",Read the exact JSON pointer in the checksum-verified source copy
C058,Численная точность сохранённого расчёта E5,"""float32""",тип,measurement,E017,"{""type"": ""json_pointer"", ""pointer"": ""/embedding_precision""}",Read the exact JSON pointer in the checksum-verified source copy
C059,"Число тестов, указанное в сохранённом runtime-отчёте",67,тестов,reported_statement,E017,"{""type"": ""json_pointer"", ""pointer"": ""/tests/passed""}",Read the exact JSON pointer in the checksum-verified source copy
C060,Результат проверки пяти массивов E5,"""passed""",статус,verification,E018,"{""type"": ""json_pointer"", ""pointer"": ""/status""}",Read the exact JSON pointer in the checksum-verified source copy
C061,Закреплённая ревизия модели E5,"""614241f622f53c4eeff9890bdc4f31cfecc418b3""",git revision,verification,E018,"{""type"": ""json_pointer"", ""pointer"": ""/model_revision""}",Read the exact JSON pointer in the checksum-verified source copy
C062,Форма матрицы эмбеддингов корпуса,"[195125, 384]",строки и размерность,measurement,E018,"{""type"": ""json_pointer"", ""pointer"": ""/outputs/0/shape""}",Read the exact JSON pointer in the checksum-verified source copy
C063,Максимальное отклонение нормы векторов корпуса от единицы,1.7881393432617188e-07,абсолютная ошибка,verification,E018,"{""type"": ""json_pointer"", ""pointer"": ""/outputs/0/max_norm_error""}",Read the exact JSON pointer in the checksum-verified source copy
C064,Число запросов проверки повторяемости признаков,3,запросов,verification,E019,"{""type"": ""json_pointer"", ""pointer"": ""/compared_query_count""}",Read the exact JSON pointer in the checksum-verified source copy
C065,Число строк признаков в проверке повторяемости,3400,строк,verification,E019,"{""type"": ""json_pointer"", ""pointer"": ""/saved_rows""}",Read the exact JSON pointer in the checksum-verified source copy
C066,Максимальная численная разность повторно построенных признаков,0.0,абсолютная ошибка,verification,E019,"{""type"": ""json_pointer"", ""pointer"": ""/max_absolute_difference""}",Read the exact JSON pointer in the checksum-verified source copy
C067,Все три повторно полученных CSV совпали с ожидаемыми хешами,true,логическое значение,verification,E020,"{""type"": ""json_pointer"", ""pointer"": ""/all_regenerated_outputs_match""}",Read the exact JSON pointer in the checksum-verified source copy
C068,"SHA256 исходного solution-архива, проверенного в отдельной папке","""699149dd7f0e84abf13461d5378cf371e701c7da9c3ce49dfcdc92c59cff5aad""",SHA256,verification,E020,"{""type"": ""json_pointer"", ""pointer"": ""/archive_sha256""}",Read the exact JSON pointer in the checksum-verified source copy
C069,Сетевой packet capture при проверке не выполнялся,false,логическое значение,reported_statement,E020,"{""type"": ""json_pointer"", ""pointer"": ""/offline_execution/network_packet_capture_performed""}",Read the exact JSON pointer in the checksum-verified source copy
C070,Веса двух моделей в выбранной смеси,"[0.5, 0.5]",веса,design_choice,E021,"{""type"": ""json_pointer"", ""pointer"": ""/weights""}",Read the exact JSON pointer in the checksum-verified source copy
C071,Предельная длина входа объявления E5,256,токенов,design_choice,E021,"{""type"": ""json_pointer"", ""pointer"": ""/dense/item_max_length""}",Read the exact JSON pointer in the checksum-verified source copy
C072,Предельная длина входа запроса E5,128,токенов,design_choice,E021,"{""type"": ""json_pointer"", ""pointer"": ""/dense/query_max_length""}",Read the exact JSON pointer in the checksum-verified source copy
C073,Ревизия загруженной открытой модели по provenance,"""614241f622f53c4eeff9890bdc4f31cfecc418b3""",git revision,verification,E024,"{""type"": ""json_pointer"", ""pointer"": ""/revision""}",Read the exact JSON pointer in the checksum-verified source copy
C074,Средние метрики совпали с независимым пересчётом таблиц запросов,true,логическое значение,verification,E029,"{""type"": ""json_pointer"", ""pointer"": ""/all_checks_passed""}",Read the exact JSON pointer in the checksum-verified source copy
C075,Число успешных проверок независимого аудита,87,проверок,verification,E032,"{""type"": ""json_pointer"", ""pointer"": ""/checks_passed""}",Read the exact JSON pointer in the checksum-verified source copy
C076,Общее число проверок независимого аудита,87,проверок,verification,E032,"{""type"": ""json_pointer"", ""pointer"": ""/checks_total""}",Read the exact JSON pointer in the checksum-verified source copy
C077,"Число текстов train после полного нормализатора NFKC, lower, ё и regex",73706,текстов,measurement,E032,"{""type"": ""json_pointer"", ""pointer"": ""/raw_data/train/unique_normalized_texts""}",Read the exact JSON pointer in the checksum-verified source copy
C078,"Число скрытых положительных пар, оставшихся в retrieval_train",0,пар,verification,E032,"{""type"": ""json_pointer"", ""pointer"": ""/separation/hidden_pair_overlap""}",Read the exact JSON pointer in the checksum-verified source copy
C079,"Число холодных текстов, оставшихся в retrieval_train",0,текстов,verification,E032,"{""type"": ""json_pointer"", ""pointer"": ""/separation/cold_text_overlap""}",Read the exact JSON pointer in the checksum-verified source copy
C080,Общие целевые item_id между fit+dev и audit при разделении по запросам,22,объявлений,measurement,E032,"{""type"": ""json_pointer"", ""pointer"": ""/separation/final_fit_dev_vs_audit_shared_relevant_item_ids""}",Read the exact JSON pointer in the checksum-verified source copy
C081,Независимо пересчитанный Recall@50 выбранной смеси с полным знаменателем релевантности,0.941111111111111,доля,verification,E032,"{""type"": ""json_pointer"", ""pointer"": ""/audit/metrics/blend_0.5_0.5/recall@50""}",Read the exact JSON pointer in the checksum-verified source copy
C082,"Положительные пары audit, отсутствующие среди гибридных кандидатов",18,пар,measurement,E032,"{""type"": ""json_pointer"", ""pointer"": ""/audit/candidate_pool/relevant_items_missing_from_hybrid_pool""}",Read the exact JSON pointer in the checksum-verified source copy
C083,Исключённые audit-запросы с любым пересечением целей с fit или dev,22,запросов,measurement,E032,"{""type"": ""json_pointer"", ""pointer"": ""/audit/target_disjoint_sensitivity/removed_queries""}",Read the exact JSON pointer in the checksum-verified source copy
C084,Число audit-запросов в проверке чувствительности без общих целей,1478,запросов,measurement,E032,"{""type"": ""json_pointer"", ""pointer"": ""/audit/target_disjoint_sensitivity/remaining_queries""}",Read the exact JSON pointer in the checksum-verified source copy
C085,Пересечение целевых объявлений после исключения запросов,0,объявлений,verification,E032,"{""type"": ""json_pointer"", ""pointer"": ""/audit/target_disjoint_sensitivity/remaining_target_item_overlap""}",Read the exact JSON pointer in the checksum-verified source copy
C086,Recall@50 зафиксированной смеси без запросов с общими целями fit или dev,0.9412494361750112,доля,measurement,E032,"{""type"": ""json_pointer"", ""pointer"": ""/audit/target_disjoint_sensitivity/macro_recall50""}",Read the exact JSON pointer in the checksum-verified source copy
C087,Recall@50 той же проверки чувствительности с поправкой на пустые фильтры,0.9429290473343597,доля,measurement,E032,"{""type"": ""json_pointer"", ""pointer"": ""/audit/target_disjoint_sensitivity/poststratified_recall50""}",Read the exact JSON pointer in the checksum-verified source copy
C088,Новый мини-ноутбук независимо создал CSV с ожидаемым SHA256,true,логическое значение,verification,E033,"{""type"": ""json_pointer"", ""pointer"": ""/exact_csv_hash_match""}",Read the exact JSON pointer in the checksum-verified source copy
C089,Наличие готового answer.csv до независимого запуска мини-ноутбука,false,логическое значение,verification,E033,"{""type"": ""json_pointer"", ""pointer"": ""/ready_answer_present_before_execution""}",Read the exact JSON pointer in the checksum-verified source copy
C090,Число фактически выполненных ячеек кода мини-ноутбука,5,ячеек,verification,E033,"{""type"": ""json_pointer"", ""pointer"": ""/executed_code_cells""}",Read the exact JSON pointer in the checksum-verified source copy
C091,Длительность выполнения мини-ноутбука в записанном окружении,5.949,секунд,measurement,E033,"{""type"": ""json_pointer"", ""pointer"": ""/execution_seconds""}",Read the exact JSON pointer in the checksum-verified source copy
C092,SHA256 CSV независимого запуска мини-ноутбука,"""3ebda47a966aa2920fe9480cb3b4b1602ec91b63f207d89775d981d16995e3c6""",SHA256,verification,E033,"{""type"": ""json_pointer"", ""pointer"": ""/generated_csv_sha256""}",Read the exact JSON pointer in the checksum-verified source copy
C093,Размер сохранённой benchmark-таблицы кандидатов,2604640,пар запрос и объявление,measurement,E034,"{""type"": ""json_pointer"", ""pointer"": ""/candidate_pool/rows""}",Read the exact JSON pointer in the checksum-verified source copy
C094,Число кандидатов в основном конкурсном CSV,122600,пар запрос и объявление,verification,E034,"{""type"": ""json_pointer"", ""pointer"": ""/submission/candidates_total""}",Read the exact JSON pointer in the checksum-verified source copy
C095,"Доля 90,4% целей со скрываемой историей задаётся как допущение стресс-проверки, а не измерение скрытого benchmark",0.904,доля выбранных целевых объявлений,assumption,E027,"{""type"": ""source_code"", ""path"": ""data_dump/source_snapshot/scripts/prepare_validation.py"", ""expression"": ""round(len(target_ids) * 0.904)""}",AST contains constant 0.904 in the saved split implementation
C096,Равенство CSV после полного пересчёта E5 на CPU и MPS не установлено,null,не проверено,limitation,E018,"{""type"": ""json_pointer"", ""pointer"": ""/cpu_mps_equivalence""}",The verification report explicitly limits the result to saved MPS arrays
